model_name,repo,imagenet_top1,imagenet_top5,params,layer,hook,accuracy,baseline_accuracy
DeiT-tiny,facebook/deit-tiny-patch16-224,72.2,91.1,5M,0,skip_layer_atten,53.22,66.8
DeiT-tiny,facebook/deit-tiny-patch16-224,72.2,91.1,5M,0,skip_layer_attention_residual,0.1,66.8
DeiT-tiny,facebook/deit-tiny-patch16-224,72.2,91.1,5M,0,skip_layer_ffn,0.49,66.8
DeiT-tiny,facebook/deit-tiny-patch16-224,72.2,91.1,5M,0,skip_layer_ffn_residual,0.49,66.8
DeiT-tiny,facebook/deit-tiny-patch16-224,72.2,91.1,5M,0,skip_layer_ffn_residual_no_residual_attention,0.0,66.8
DeiT-tiny,facebook/deit-tiny-patch16-224,72.2,91.1,5M,0,full_layer_skip,0.29,66.8
DeiT-tiny,facebook/deit-tiny-patch16-224,72.2,91.1,5M,1,skip_layer_atten,64.75,66.8
DeiT-tiny,facebook/deit-tiny-patch16-224,72.2,91.1,5M,1,skip_layer_attention_residual,0.39,66.8
DeiT-tiny,facebook/deit-tiny-patch16-224,72.2,91.1,5M,1,skip_layer_ffn,64.26,66.8
DeiT-tiny,facebook/deit-tiny-patch16-224,72.2,91.1,5M,1,skip_layer_ffn_residual,0.1,66.8
DeiT-tiny,facebook/deit-tiny-patch16-224,72.2,91.1,5M,1,skip_layer_ffn_residual_no_residual_attention,0.29,66.8
DeiT-tiny,facebook/deit-tiny-patch16-224,72.2,91.1,5M,1,full_layer_skip,59.67,66.8
DeiT-tiny,facebook/deit-tiny-patch16-224,72.2,91.1,5M,2,skip_layer_atten,65.43,66.8
DeiT-tiny,facebook/deit-tiny-patch16-224,72.2,91.1,5M,2,skip_layer_attention_residual,0.1,66.8
DeiT-tiny,facebook/deit-tiny-patch16-224,72.2,91.1,5M,2,skip_layer_ffn,61.62,66.8
DeiT-tiny,facebook/deit-tiny-patch16-224,72.2,91.1,5M,2,skip_layer_ffn_residual,0.29,66.8
DeiT-tiny,facebook/deit-tiny-patch16-224,72.2,91.1,5M,2,skip_layer_ffn_residual_no_residual_attention,0.29,66.8
DeiT-tiny,facebook/deit-tiny-patch16-224,72.2,91.1,5M,2,full_layer_skip,57.91,66.8
DeiT-tiny,facebook/deit-tiny-patch16-224,72.2,91.1,5M,3,skip_layer_atten,64.75,66.8
DeiT-tiny,facebook/deit-tiny-patch16-224,72.2,91.1,5M,3,skip_layer_attention_residual,0.1,66.8
DeiT-tiny,facebook/deit-tiny-patch16-224,72.2,91.1,5M,3,skip_layer_ffn,65.72,66.8
DeiT-tiny,facebook/deit-tiny-patch16-224,72.2,91.1,5M,3,skip_layer_ffn_residual,0.1,66.8
DeiT-tiny,facebook/deit-tiny-patch16-224,72.2,91.1,5M,3,skip_layer_ffn_residual_no_residual_attention,0.1,66.8
DeiT-tiny,facebook/deit-tiny-patch16-224,72.2,91.1,5M,3,full_layer_skip,60.84,66.8
DeiT-tiny,facebook/deit-tiny-patch16-224,72.2,91.1,5M,4,skip_layer_atten,64.65,66.8
DeiT-tiny,facebook/deit-tiny-patch16-224,72.2,91.1,5M,4,skip_layer_attention_residual,0.29,66.8
DeiT-tiny,facebook/deit-tiny-patch16-224,72.2,91.1,5M,4,skip_layer_ffn,63.87,66.8
DeiT-tiny,facebook/deit-tiny-patch16-224,72.2,91.1,5M,4,skip_layer_ffn_residual,0.1,66.8
DeiT-tiny,facebook/deit-tiny-patch16-224,72.2,91.1,5M,4,skip_layer_ffn_residual_no_residual_attention,0.1,66.8
DeiT-tiny,facebook/deit-tiny-patch16-224,72.2,91.1,5M,4,full_layer_skip,63.09,66.8
DeiT-tiny,facebook/deit-tiny-patch16-224,72.2,91.1,5M,5,skip_layer_atten,65.72,66.8
DeiT-tiny,facebook/deit-tiny-patch16-224,72.2,91.1,5M,5,skip_layer_attention_residual,0.1,66.8
DeiT-tiny,facebook/deit-tiny-patch16-224,72.2,91.1,5M,5,skip_layer_ffn,65.33,66.8
DeiT-tiny,facebook/deit-tiny-patch16-224,72.2,91.1,5M,5,skip_layer_ffn_residual,0.2,66.8
DeiT-tiny,facebook/deit-tiny-patch16-224,72.2,91.1,5M,5,skip_layer_ffn_residual_no_residual_attention,0.0,66.8
DeiT-tiny,facebook/deit-tiny-patch16-224,72.2,91.1,5M,5,full_layer_skip,62.99,66.8
DeiT-tiny,facebook/deit-tiny-patch16-224,72.2,91.1,5M,6,skip_layer_atten,65.23,66.8
DeiT-tiny,facebook/deit-tiny-patch16-224,72.2,91.1,5M,6,skip_layer_attention_residual,0.0,66.8
DeiT-tiny,facebook/deit-tiny-patch16-224,72.2,91.1,5M,6,skip_layer_ffn,64.55,66.8
DeiT-tiny,facebook/deit-tiny-patch16-224,72.2,91.1,5M,6,skip_layer_ffn_residual,0.29,66.8
DeiT-tiny,facebook/deit-tiny-patch16-224,72.2,91.1,5M,6,skip_layer_ffn_residual_no_residual_attention,0.2,66.8
DeiT-tiny,facebook/deit-tiny-patch16-224,72.2,91.1,5M,6,full_layer_skip,62.4,66.8
DeiT-tiny,facebook/deit-tiny-patch16-224,72.2,91.1,5M,7,skip_layer_atten,66.7,66.8
DeiT-tiny,facebook/deit-tiny-patch16-224,72.2,91.1,5M,7,skip_layer_attention_residual,0.1,66.8
DeiT-tiny,facebook/deit-tiny-patch16-224,72.2,91.1,5M,7,skip_layer_ffn,63.57,66.8
DeiT-tiny,facebook/deit-tiny-patch16-224,72.2,91.1,5M,7,skip_layer_ffn_residual,1.56,66.8
DeiT-tiny,facebook/deit-tiny-patch16-224,72.2,91.1,5M,7,skip_layer_ffn_residual_no_residual_attention,0.1,66.8
DeiT-tiny,facebook/deit-tiny-patch16-224,72.2,91.1,5M,7,full_layer_skip,62.7,66.8
DeiT-tiny,facebook/deit-tiny-patch16-224,72.2,91.1,5M,8,skip_layer_atten,65.04,66.8
DeiT-tiny,facebook/deit-tiny-patch16-224,72.2,91.1,5M,8,skip_layer_attention_residual,0.68,66.8
DeiT-tiny,facebook/deit-tiny-patch16-224,72.2,91.1,5M,8,skip_layer_ffn,64.36,66.8
DeiT-tiny,facebook/deit-tiny-patch16-224,72.2,91.1,5M,8,skip_layer_ffn_residual,5.76,66.8
DeiT-tiny,facebook/deit-tiny-patch16-224,72.2,91.1,5M,8,skip_layer_ffn_residual_no_residual_attention,0.39,66.8
DeiT-tiny,facebook/deit-tiny-patch16-224,72.2,91.1,5M,8,full_layer_skip,62.5,66.8
DeiT-tiny,facebook/deit-tiny-patch16-224,72.2,91.1,5M,9,skip_layer_atten,65.53,66.8
DeiT-tiny,facebook/deit-tiny-patch16-224,72.2,91.1,5M,9,skip_layer_attention_residual,6.05,66.8
DeiT-tiny,facebook/deit-tiny-patch16-224,72.2,91.1,5M,9,skip_layer_ffn,65.62,66.8
DeiT-tiny,facebook/deit-tiny-patch16-224,72.2,91.1,5M,9,skip_layer_ffn_residual,3.81,66.8
DeiT-tiny,facebook/deit-tiny-patch16-224,72.2,91.1,5M,9,skip_layer_ffn_residual_no_residual_attention,0.98,66.8
DeiT-tiny,facebook/deit-tiny-patch16-224,72.2,91.1,5M,9,full_layer_skip,63.96,66.8
DeiT-tiny,facebook/deit-tiny-patch16-224,72.2,91.1,5M,10,skip_layer_atten,65.14,66.8
DeiT-tiny,facebook/deit-tiny-patch16-224,72.2,91.1,5M,10,skip_layer_attention_residual,1.17,66.8
DeiT-tiny,facebook/deit-tiny-patch16-224,72.2,91.1,5M,10,skip_layer_ffn,66.8,66.8
DeiT-tiny,facebook/deit-tiny-patch16-224,72.2,91.1,5M,10,skip_layer_ffn_residual,21.88,66.8
DeiT-tiny,facebook/deit-tiny-patch16-224,72.2,91.1,5M,10,skip_layer_ffn_residual_no_residual_attention,0.98,66.8
DeiT-tiny,facebook/deit-tiny-patch16-224,72.2,91.1,5M,10,full_layer_skip,63.87,66.8
DeiT-tiny,facebook/deit-tiny-patch16-224,72.2,91.1,5M,11,skip_layer_atten,66.6,66.8
DeiT-tiny,facebook/deit-tiny-patch16-224,72.2,91.1,5M,11,skip_layer_attention_residual,7.81,66.8
DeiT-tiny,facebook/deit-tiny-patch16-224,72.2,91.1,5M,11,skip_layer_ffn,65.92,66.8
DeiT-tiny,facebook/deit-tiny-patch16-224,72.2,91.1,5M,11,skip_layer_ffn_residual,2.93,66.8
DeiT-tiny,facebook/deit-tiny-patch16-224,72.2,91.1,5M,11,skip_layer_ffn_residual_no_residual_attention,0.49,66.8
DeiT-tiny,facebook/deit-tiny-patch16-224,72.2,91.1,5M,11,full_layer_skip,65.23,66.8
DeiT-small,facebook/deit-small-patch16-224,79.9,95.0,22M,0,skip_layer_atten,19.63,75.98
DeiT-small,facebook/deit-small-patch16-224,79.9,95.0,22M,0,skip_layer_attention_residual,0.29,75.98
DeiT-small,facebook/deit-small-patch16-224,79.9,95.0,22M,0,skip_layer_ffn,0.2,75.98
DeiT-small,facebook/deit-small-patch16-224,79.9,95.0,22M,0,skip_layer_ffn_residual,3.81,75.98
DeiT-small,facebook/deit-small-patch16-224,79.9,95.0,22M,0,skip_layer_ffn_residual_no_residual_attention,0.29,75.98
DeiT-small,facebook/deit-small-patch16-224,79.9,95.0,22M,0,full_layer_skip,0.0,75.98
DeiT-small,facebook/deit-small-patch16-224,79.9,95.0,22M,1,skip_layer_atten,75.1,75.98
DeiT-small,facebook/deit-small-patch16-224,79.9,95.0,22M,1,skip_layer_attention_residual,0.2,75.98
DeiT-small,facebook/deit-small-patch16-224,79.9,95.0,22M,1,skip_layer_ffn,72.95,75.98
DeiT-small,facebook/deit-small-patch16-224,79.9,95.0,22M,1,skip_layer_ffn_residual,0.1,75.98
DeiT-small,facebook/deit-small-patch16-224,79.9,95.0,22M,1,skip_layer_ffn_residual_no_residual_attention,0.29,75.98
DeiT-small,facebook/deit-small-patch16-224,79.9,95.0,22M,1,full_layer_skip,67.19,75.98
DeiT-small,facebook/deit-small-patch16-224,79.9,95.0,22M,2,skip_layer_atten,75.59,75.98
DeiT-small,facebook/deit-small-patch16-224,79.9,95.0,22M,2,skip_layer_attention_residual,0.0,75.98
DeiT-small,facebook/deit-small-patch16-224,79.9,95.0,22M,2,skip_layer_ffn,74.71,75.98
DeiT-small,facebook/deit-small-patch16-224,79.9,95.0,22M,2,skip_layer_ffn_residual,0.0,75.98
DeiT-small,facebook/deit-small-patch16-224,79.9,95.0,22M,2,skip_layer_ffn_residual_no_residual_attention,0.0,75.98
DeiT-small,facebook/deit-small-patch16-224,79.9,95.0,22M,2,full_layer_skip,72.75,75.98
DeiT-small,facebook/deit-small-patch16-224,79.9,95.0,22M,3,skip_layer_atten,74.61,75.98
DeiT-small,facebook/deit-small-patch16-224,79.9,95.0,22M,3,skip_layer_attention_residual,0.0,75.98
DeiT-small,facebook/deit-small-patch16-224,79.9,95.0,22M,3,skip_layer_ffn,76.37,75.98
DeiT-small,facebook/deit-small-patch16-224,79.9,95.0,22M,3,skip_layer_ffn_residual,0.1,75.98
DeiT-small,facebook/deit-small-patch16-224,79.9,95.0,22M,3,skip_layer_ffn_residual_no_residual_attention,0.0,75.98
DeiT-small,facebook/deit-small-patch16-224,79.9,95.0,22M,3,full_layer_skip,74.71,75.98
DeiT-small,facebook/deit-small-patch16-224,79.9,95.0,22M,4,skip_layer_atten,74.22,75.98
DeiT-small,facebook/deit-small-patch16-224,79.9,95.0,22M,4,skip_layer_attention_residual,0.0,75.98
DeiT-small,facebook/deit-small-patch16-224,79.9,95.0,22M,4,skip_layer_ffn,74.9,75.98
DeiT-small,facebook/deit-small-patch16-224,79.9,95.0,22M,4,skip_layer_ffn_residual,0.2,75.98
DeiT-small,facebook/deit-small-patch16-224,79.9,95.0,22M,4,skip_layer_ffn_residual_no_residual_attention,0.29,75.98
DeiT-small,facebook/deit-small-patch16-224,79.9,95.0,22M,4,full_layer_skip,73.93,75.98
DeiT-small,facebook/deit-small-patch16-224,79.9,95.0,22M,5,skip_layer_atten,75.29,75.98
DeiT-small,facebook/deit-small-patch16-224,79.9,95.0,22M,5,skip_layer_attention_residual,0.2,75.98
DeiT-small,facebook/deit-small-patch16-224,79.9,95.0,22M,5,skip_layer_ffn,74.32,75.98
DeiT-small,facebook/deit-small-patch16-224,79.9,95.0,22M,5,skip_layer_ffn_residual,0.29,75.98
DeiT-small,facebook/deit-small-patch16-224,79.9,95.0,22M,5,skip_layer_ffn_residual_no_residual_attention,0.1,75.98
DeiT-small,facebook/deit-small-patch16-224,79.9,95.0,22M,5,full_layer_skip,73.54,75.98
DeiT-small,facebook/deit-small-patch16-224,79.9,95.0,22M,6,skip_layer_atten,74.51,75.98
DeiT-small,facebook/deit-small-patch16-224,79.9,95.0,22M,6,skip_layer_attention_residual,0.49,75.98
DeiT-small,facebook/deit-small-patch16-224,79.9,95.0,22M,6,skip_layer_ffn,74.8,75.98
DeiT-small,facebook/deit-small-patch16-224,79.9,95.0,22M,6,skip_layer_ffn_residual,1.76,75.98
DeiT-small,facebook/deit-small-patch16-224,79.9,95.0,22M,6,skip_layer_ffn_residual_no_residual_attention,0.1,75.98
DeiT-small,facebook/deit-small-patch16-224,79.9,95.0,22M,6,full_layer_skip,73.44,75.98
DeiT-small,facebook/deit-small-patch16-224,79.9,95.0,22M,7,skip_layer_atten,74.41,75.98
DeiT-small,facebook/deit-small-patch16-224,79.9,95.0,22M,7,skip_layer_attention_residual,0.78,75.98
DeiT-small,facebook/deit-small-patch16-224,79.9,95.0,22M,7,skip_layer_ffn,73.93,75.98
DeiT-small,facebook/deit-small-patch16-224,79.9,95.0,22M,7,skip_layer_ffn_residual,1.37,75.98
DeiT-small,facebook/deit-small-patch16-224,79.9,95.0,22M,7,skip_layer_ffn_residual_no_residual_attention,0.68,75.98
DeiT-small,facebook/deit-small-patch16-224,79.9,95.0,22M,7,full_layer_skip,74.02,75.98
DeiT-small,facebook/deit-small-patch16-224,79.9,95.0,22M,8,skip_layer_atten,74.51,75.98
DeiT-small,facebook/deit-small-patch16-224,79.9,95.0,22M,8,skip_layer_attention_residual,6.15,75.98
DeiT-small,facebook/deit-small-patch16-224,79.9,95.0,22M,8,skip_layer_ffn,74.51,75.98
DeiT-small,facebook/deit-small-patch16-224,79.9,95.0,22M,8,skip_layer_ffn_residual,20.9,75.98
DeiT-small,facebook/deit-small-patch16-224,79.9,95.0,22M,8,skip_layer_ffn_residual_no_residual_attention,3.52,75.98
DeiT-small,facebook/deit-small-patch16-224,79.9,95.0,22M,8,full_layer_skip,73.93,75.98
DeiT-small,facebook/deit-small-patch16-224,79.9,95.0,22M,9,skip_layer_atten,75.49,75.98
DeiT-small,facebook/deit-small-patch16-224,79.9,95.0,22M,9,skip_layer_attention_residual,26.76,75.98
DeiT-small,facebook/deit-small-patch16-224,79.9,95.0,22M,9,skip_layer_ffn,75.49,75.98
DeiT-small,facebook/deit-small-patch16-224,79.9,95.0,22M,9,skip_layer_ffn_residual,38.38,75.98
DeiT-small,facebook/deit-small-patch16-224,79.9,95.0,22M,9,skip_layer_ffn_residual_no_residual_attention,16.31,75.98
DeiT-small,facebook/deit-small-patch16-224,79.9,95.0,22M,9,full_layer_skip,74.02,75.98
DeiT-small,facebook/deit-small-patch16-224,79.9,95.0,22M,10,skip_layer_atten,75.68,75.98
DeiT-small,facebook/deit-small-patch16-224,79.9,95.0,22M,10,skip_layer_attention_residual,4.69,75.98
DeiT-small,facebook/deit-small-patch16-224,79.9,95.0,22M,10,skip_layer_ffn,75.0,75.98
DeiT-small,facebook/deit-small-patch16-224,79.9,95.0,22M,10,skip_layer_ffn_residual,44.92,75.98
DeiT-small,facebook/deit-small-patch16-224,79.9,95.0,22M,10,skip_layer_ffn_residual_no_residual_attention,1.46,75.98
DeiT-small,facebook/deit-small-patch16-224,79.9,95.0,22M,10,full_layer_skip,75.2,75.98
DeiT-small,facebook/deit-small-patch16-224,79.9,95.0,22M,11,skip_layer_atten,75.49,75.98
DeiT-small,facebook/deit-small-patch16-224,79.9,95.0,22M,11,skip_layer_attention_residual,5.37,75.98
DeiT-small,facebook/deit-small-patch16-224,79.9,95.0,22M,11,skip_layer_ffn,75.78,75.98
DeiT-small,facebook/deit-small-patch16-224,79.9,95.0,22M,11,skip_layer_ffn_residual,0.49,75.98
DeiT-small,facebook/deit-small-patch16-224,79.9,95.0,22M,11,skip_layer_ffn_residual_no_residual_attention,0.0,75.98
DeiT-small,facebook/deit-small-patch16-224,79.9,95.0,22M,11,full_layer_skip,75.78,75.98
DeiT-base,facebook/deit-base-patch16-224,81.8,95.6,86M,0,skip_layer_atten,77.93,80.18
DeiT-base,facebook/deit-base-patch16-224,81.8,95.6,86M,0,skip_layer_attention_residual,0.0,80.18
DeiT-base,facebook/deit-base-patch16-224,81.8,95.6,86M,0,skip_layer_ffn,9.57,80.18
DeiT-base,facebook/deit-base-patch16-224,81.8,95.6,86M,0,skip_layer_ffn_residual,1.56,80.18
DeiT-base,facebook/deit-base-patch16-224,81.8,95.6,86M,0,skip_layer_ffn_residual_no_residual_attention,0.0,80.18
DeiT-base,facebook/deit-base-patch16-224,81.8,95.6,86M,0,full_layer_skip,11.91,80.18
DeiT-base,facebook/deit-base-patch16-224,81.8,95.6,86M,1,skip_layer_atten,79.88,80.18
DeiT-base,facebook/deit-base-patch16-224,81.8,95.6,86M,1,skip_layer_attention_residual,0.1,80.18
DeiT-base,facebook/deit-base-patch16-224,81.8,95.6,86M,1,skip_layer_ffn,78.71,80.18
DeiT-base,facebook/deit-base-patch16-224,81.8,95.6,86M,1,skip_layer_ffn_residual,0.0,80.18
DeiT-base,facebook/deit-base-patch16-224,81.8,95.6,86M,1,skip_layer_ffn_residual_no_residual_attention,0.1,80.18
DeiT-base,facebook/deit-base-patch16-224,81.8,95.6,86M,1,full_layer_skip,79.1,80.18
DeiT-base,facebook/deit-base-patch16-224,81.8,95.6,86M,2,skip_layer_atten,79.98,80.18
DeiT-base,facebook/deit-base-patch16-224,81.8,95.6,86M,2,skip_layer_attention_residual,0.0,80.18
DeiT-base,facebook/deit-base-patch16-224,81.8,95.6,86M,2,skip_layer_ffn,78.91,80.18
DeiT-base,facebook/deit-base-patch16-224,81.8,95.6,86M,2,skip_layer_ffn_residual,0.29,80.18
DeiT-base,facebook/deit-base-patch16-224,81.8,95.6,86M,2,skip_layer_ffn_residual_no_residual_attention,0.1,80.18
DeiT-base,facebook/deit-base-patch16-224,81.8,95.6,86M,2,full_layer_skip,79.2,80.18
DeiT-base,facebook/deit-base-patch16-224,81.8,95.6,86M,3,skip_layer_atten,79.39,80.18
DeiT-base,facebook/deit-base-patch16-224,81.8,95.6,86M,3,skip_layer_attention_residual,0.0,80.18
DeiT-base,facebook/deit-base-patch16-224,81.8,95.6,86M,3,skip_layer_ffn,78.71,80.18
DeiT-base,facebook/deit-base-patch16-224,81.8,95.6,86M,3,skip_layer_ffn_residual,0.2,80.18
DeiT-base,facebook/deit-base-patch16-224,81.8,95.6,86M,3,skip_layer_ffn_residual_no_residual_attention,0.1,80.18
DeiT-base,facebook/deit-base-patch16-224,81.8,95.6,86M,3,full_layer_skip,78.61,80.18
DeiT-base,facebook/deit-base-patch16-224,81.8,95.6,86M,4,skip_layer_atten,79.3,80.18
DeiT-base,facebook/deit-base-patch16-224,81.8,95.6,86M,4,skip_layer_attention_residual,0.1,80.18
DeiT-base,facebook/deit-base-patch16-224,81.8,95.6,86M,4,skip_layer_ffn,79.49,80.18
DeiT-base,facebook/deit-base-patch16-224,81.8,95.6,86M,4,skip_layer_ffn_residual,0.0,80.18
DeiT-base,facebook/deit-base-patch16-224,81.8,95.6,86M,4,skip_layer_ffn_residual_no_residual_attention,0.1,80.18
DeiT-base,facebook/deit-base-patch16-224,81.8,95.6,86M,4,full_layer_skip,78.12,80.18
DeiT-base,facebook/deit-base-patch16-224,81.8,95.6,86M,5,skip_layer_atten,80.18,80.18
DeiT-base,facebook/deit-base-patch16-224,81.8,95.6,86M,5,skip_layer_attention_residual,0.2,80.18
DeiT-base,facebook/deit-base-patch16-224,81.8,95.6,86M,5,skip_layer_ffn,79.88,80.18
DeiT-base,facebook/deit-base-patch16-224,81.8,95.6,86M,5,skip_layer_ffn_residual,0.0,80.18
DeiT-base,facebook/deit-base-patch16-224,81.8,95.6,86M,5,skip_layer_ffn_residual_no_residual_attention,0.0,80.18
DeiT-base,facebook/deit-base-patch16-224,81.8,95.6,86M,5,full_layer_skip,78.71,80.18
DeiT-base,facebook/deit-base-patch16-224,81.8,95.6,86M,6,skip_layer_atten,79.3,80.18
DeiT-base,facebook/deit-base-patch16-224,81.8,95.6,86M,6,skip_layer_attention_residual,0.2,80.18
DeiT-base,facebook/deit-base-patch16-224,81.8,95.6,86M,6,skip_layer_ffn,79.3,80.18
DeiT-base,facebook/deit-base-patch16-224,81.8,95.6,86M,6,skip_layer_ffn_residual,0.2,80.18
DeiT-base,facebook/deit-base-patch16-224,81.8,95.6,86M,6,skip_layer_ffn_residual_no_residual_attention,0.39,80.18
DeiT-base,facebook/deit-base-patch16-224,81.8,95.6,86M,6,full_layer_skip,78.22,80.18
DeiT-base,facebook/deit-base-patch16-224,81.8,95.6,86M,7,skip_layer_atten,79.88,80.18
DeiT-base,facebook/deit-base-patch16-224,81.8,95.6,86M,7,skip_layer_attention_residual,0.29,80.18
DeiT-base,facebook/deit-base-patch16-224,81.8,95.6,86M,7,skip_layer_ffn,78.61,80.18
DeiT-base,facebook/deit-base-patch16-224,81.8,95.6,86M,7,skip_layer_ffn_residual,0.39,80.18
DeiT-base,facebook/deit-base-patch16-224,81.8,95.6,86M,7,skip_layer_ffn_residual_no_residual_attention,0.2,80.18
DeiT-base,facebook/deit-base-patch16-224,81.8,95.6,86M,7,full_layer_skip,77.73,80.18
DeiT-base,facebook/deit-base-patch16-224,81.8,95.6,86M,8,skip_layer_atten,79.2,80.18
DeiT-base,facebook/deit-base-patch16-224,81.8,95.6,86M,8,skip_layer_attention_residual,2.34,80.18
DeiT-base,facebook/deit-base-patch16-224,81.8,95.6,86M,8,skip_layer_ffn,79.3,80.18
DeiT-base,facebook/deit-base-patch16-224,81.8,95.6,86M,8,skip_layer_ffn_residual,4.69,80.18
DeiT-base,facebook/deit-base-patch16-224,81.8,95.6,86M,8,skip_layer_ffn_residual_no_residual_attention,0.88,80.18
DeiT-base,facebook/deit-base-patch16-224,81.8,95.6,86M,8,full_layer_skip,78.32,80.18
DeiT-base,facebook/deit-base-patch16-224,81.8,95.6,86M,9,skip_layer_atten,79.39,80.18
DeiT-base,facebook/deit-base-patch16-224,81.8,95.6,86M,9,skip_layer_attention_residual,17.97,80.18
DeiT-base,facebook/deit-base-patch16-224,81.8,95.6,86M,9,skip_layer_ffn,78.52,80.18
DeiT-base,facebook/deit-base-patch16-224,81.8,95.6,86M,9,skip_layer_ffn_residual,28.71,80.18
DeiT-base,facebook/deit-base-patch16-224,81.8,95.6,86M,9,skip_layer_ffn_residual_no_residual_attention,14.94,80.18
DeiT-base,facebook/deit-base-patch16-224,81.8,95.6,86M,9,full_layer_skip,76.86,80.18
DeiT-base,facebook/deit-base-patch16-224,81.8,95.6,86M,10,skip_layer_atten,79.88,80.18
DeiT-base,facebook/deit-base-patch16-224,81.8,95.6,86M,10,skip_layer_attention_residual,75.78,80.18
DeiT-base,facebook/deit-base-patch16-224,81.8,95.6,86M,10,skip_layer_ffn,78.03,80.18
DeiT-base,facebook/deit-base-patch16-224,81.8,95.6,86M,10,skip_layer_ffn_residual,63.28,80.18
DeiT-base,facebook/deit-base-patch16-224,81.8,95.6,86M,10,skip_layer_ffn_residual_no_residual_attention,69.34,80.18
DeiT-base,facebook/deit-base-patch16-224,81.8,95.6,86M,10,full_layer_skip,77.83,80.18
DeiT-base,facebook/deit-base-patch16-224,81.8,95.6,86M,11,skip_layer_atten,78.03,80.18
DeiT-base,facebook/deit-base-patch16-224,81.8,95.6,86M,11,skip_layer_attention_residual,64.26,80.18
DeiT-base,facebook/deit-base-patch16-224,81.8,95.6,86M,11,skip_layer_ffn,79.79,80.18
DeiT-base,facebook/deit-base-patch16-224,81.8,95.6,86M,11,skip_layer_ffn_residual,0.2,80.18
DeiT-base,facebook/deit-base-patch16-224,81.8,95.6,86M,11,skip_layer_ffn_residual_no_residual_attention,0.39,80.18
DeiT-base,facebook/deit-base-patch16-224,81.8,95.6,86M,11,full_layer_skip,77.93,80.18
DeiT-tiny distilled,facebook/deit-tiny-distilled-patch16-224,74.5,91.9,6M,0,skip_layer_atten,36.82,73.63
DeiT-tiny distilled,facebook/deit-tiny-distilled-patch16-224,74.5,91.9,6M,0,skip_layer_attention_residual,0.39,73.63
DeiT-tiny distilled,facebook/deit-tiny-distilled-patch16-224,74.5,91.9,6M,0,skip_layer_ffn,0.29,73.63
DeiT-tiny distilled,facebook/deit-tiny-distilled-patch16-224,74.5,91.9,6M,0,skip_layer_ffn_residual,73.63,73.63
DeiT-tiny distilled,facebook/deit-tiny-distilled-patch16-224,74.5,91.9,6M,0,skip_layer_ffn_residual_no_residual_attention,0.2,73.63
DeiT-tiny distilled,facebook/deit-tiny-distilled-patch16-224,74.5,91.9,6M,0,full_layer_skip,2.15,73.63
DeiT-tiny distilled,facebook/deit-tiny-distilled-patch16-224,74.5,91.9,6M,1,skip_layer_atten,51.07,73.63
DeiT-tiny distilled,facebook/deit-tiny-distilled-patch16-224,74.5,91.9,6M,1,skip_layer_attention_residual,0.2,73.63
DeiT-tiny distilled,facebook/deit-tiny-distilled-patch16-224,74.5,91.9,6M,1,skip_layer_ffn,71.0,73.63
DeiT-tiny distilled,facebook/deit-tiny-distilled-patch16-224,74.5,91.9,6M,1,skip_layer_ffn_residual,73.63,73.63
DeiT-tiny distilled,facebook/deit-tiny-distilled-patch16-224,74.5,91.9,6M,1,skip_layer_ffn_residual_no_residual_attention,0.2,73.63
DeiT-tiny distilled,facebook/deit-tiny-distilled-patch16-224,74.5,91.9,6M,1,full_layer_skip,68.46,73.63
DeiT-tiny distilled,facebook/deit-tiny-distilled-patch16-224,74.5,91.9,6M,2,skip_layer_atten,59.18,73.63
DeiT-tiny distilled,facebook/deit-tiny-distilled-patch16-224,74.5,91.9,6M,2,skip_layer_attention_residual,0.1,73.63
DeiT-tiny distilled,facebook/deit-tiny-distilled-patch16-224,74.5,91.9,6M,2,skip_layer_ffn,71.48,73.63
DeiT-tiny distilled,facebook/deit-tiny-distilled-patch16-224,74.5,91.9,6M,2,skip_layer_ffn_residual,73.63,73.63
DeiT-tiny distilled,facebook/deit-tiny-distilled-patch16-224,74.5,91.9,6M,2,skip_layer_ffn_residual_no_residual_attention,0.1,73.63
DeiT-tiny distilled,facebook/deit-tiny-distilled-patch16-224,74.5,91.9,6M,2,full_layer_skip,68.95,73.63
DeiT-tiny distilled,facebook/deit-tiny-distilled-patch16-224,74.5,91.9,6M,3,skip_layer_atten,62.79,73.63
DeiT-tiny distilled,facebook/deit-tiny-distilled-patch16-224,74.5,91.9,6M,3,skip_layer_attention_residual,0.0,73.63
DeiT-tiny distilled,facebook/deit-tiny-distilled-patch16-224,74.5,91.9,6M,3,skip_layer_ffn,71.48,73.63
DeiT-tiny distilled,facebook/deit-tiny-distilled-patch16-224,74.5,91.9,6M,3,skip_layer_ffn_residual,73.63,73.63
DeiT-tiny distilled,facebook/deit-tiny-distilled-patch16-224,74.5,91.9,6M,3,skip_layer_ffn_residual_no_residual_attention,0.2,73.63
DeiT-tiny distilled,facebook/deit-tiny-distilled-patch16-224,74.5,91.9,6M,3,full_layer_skip,68.55,73.63
DeiT-tiny distilled,facebook/deit-tiny-distilled-patch16-224,74.5,91.9,6M,4,skip_layer_atten,66.02,73.63
DeiT-tiny distilled,facebook/deit-tiny-distilled-patch16-224,74.5,91.9,6M,4,skip_layer_attention_residual,0.2,73.63
DeiT-tiny distilled,facebook/deit-tiny-distilled-patch16-224,74.5,91.9,6M,4,skip_layer_ffn,71.97,73.63
DeiT-tiny distilled,facebook/deit-tiny-distilled-patch16-224,74.5,91.9,6M,4,skip_layer_ffn_residual,73.63,73.63
DeiT-tiny distilled,facebook/deit-tiny-distilled-patch16-224,74.5,91.9,6M,4,skip_layer_ffn_residual_no_residual_attention,0.1,73.63
DeiT-tiny distilled,facebook/deit-tiny-distilled-patch16-224,74.5,91.9,6M,4,full_layer_skip,71.09,73.63
DeiT-tiny distilled,facebook/deit-tiny-distilled-patch16-224,74.5,91.9,6M,5,skip_layer_atten,67.09,73.63
DeiT-tiny distilled,facebook/deit-tiny-distilled-patch16-224,74.5,91.9,6M,5,skip_layer_attention_residual,0.1,73.63
DeiT-tiny distilled,facebook/deit-tiny-distilled-patch16-224,74.5,91.9,6M,5,skip_layer_ffn,71.09,73.63
DeiT-tiny distilled,facebook/deit-tiny-distilled-patch16-224,74.5,91.9,6M,5,skip_layer_ffn_residual,73.63,73.63
DeiT-tiny distilled,facebook/deit-tiny-distilled-patch16-224,74.5,91.9,6M,5,skip_layer_ffn_residual_no_residual_attention,0.2,73.63
DeiT-tiny distilled,facebook/deit-tiny-distilled-patch16-224,74.5,91.9,6M,5,full_layer_skip,69.53,73.63
DeiT-tiny distilled,facebook/deit-tiny-distilled-patch16-224,74.5,91.9,6M,6,skip_layer_atten,67.48,73.63
DeiT-tiny distilled,facebook/deit-tiny-distilled-patch16-224,74.5,91.9,6M,6,skip_layer_attention_residual,0.1,73.63
DeiT-tiny distilled,facebook/deit-tiny-distilled-patch16-224,74.5,91.9,6M,6,skip_layer_ffn,71.68,73.63
DeiT-tiny distilled,facebook/deit-tiny-distilled-patch16-224,74.5,91.9,6M,6,skip_layer_ffn_residual,73.63,73.63
DeiT-tiny distilled,facebook/deit-tiny-distilled-patch16-224,74.5,91.9,6M,6,skip_layer_ffn_residual_no_residual_attention,0.0,73.63
DeiT-tiny distilled,facebook/deit-tiny-distilled-patch16-224,74.5,91.9,6M,6,full_layer_skip,69.43,73.63
DeiT-tiny distilled,facebook/deit-tiny-distilled-patch16-224,74.5,91.9,6M,7,skip_layer_atten,68.75,73.63
DeiT-tiny distilled,facebook/deit-tiny-distilled-patch16-224,74.5,91.9,6M,7,skip_layer_attention_residual,1.37,73.63
DeiT-tiny distilled,facebook/deit-tiny-distilled-patch16-224,74.5,91.9,6M,7,skip_layer_ffn,71.39,73.63
DeiT-tiny distilled,facebook/deit-tiny-distilled-patch16-224,74.5,91.9,6M,7,skip_layer_ffn_residual,73.63,73.63
DeiT-tiny distilled,facebook/deit-tiny-distilled-patch16-224,74.5,91.9,6M,7,skip_layer_ffn_residual_no_residual_attention,0.39,73.63
DeiT-tiny distilled,facebook/deit-tiny-distilled-patch16-224,74.5,91.9,6M,7,full_layer_skip,70.51,73.63
DeiT-tiny distilled,facebook/deit-tiny-distilled-patch16-224,74.5,91.9,6M,8,skip_layer_atten,70.61,73.63
DeiT-tiny distilled,facebook/deit-tiny-distilled-patch16-224,74.5,91.9,6M,8,skip_layer_attention_residual,1.86,73.63
DeiT-tiny distilled,facebook/deit-tiny-distilled-patch16-224,74.5,91.9,6M,8,skip_layer_ffn,71.58,73.63
DeiT-tiny distilled,facebook/deit-tiny-distilled-patch16-224,74.5,91.9,6M,8,skip_layer_ffn_residual,73.63,73.63
DeiT-tiny distilled,facebook/deit-tiny-distilled-patch16-224,74.5,91.9,6M,8,skip_layer_ffn_residual_no_residual_attention,0.59,73.63
DeiT-tiny distilled,facebook/deit-tiny-distilled-patch16-224,74.5,91.9,6M,8,full_layer_skip,70.9,73.63
DeiT-tiny distilled,facebook/deit-tiny-distilled-patch16-224,74.5,91.9,6M,9,skip_layer_atten,70.02,73.63
DeiT-tiny distilled,facebook/deit-tiny-distilled-patch16-224,74.5,91.9,6M,9,skip_layer_attention_residual,5.57,73.63
DeiT-tiny distilled,facebook/deit-tiny-distilled-patch16-224,74.5,91.9,6M,9,skip_layer_ffn,72.17,73.63
DeiT-tiny distilled,facebook/deit-tiny-distilled-patch16-224,74.5,91.9,6M,9,skip_layer_ffn_residual,73.63,73.63
DeiT-tiny distilled,facebook/deit-tiny-distilled-patch16-224,74.5,91.9,6M,9,skip_layer_ffn_residual_no_residual_attention,1.37,73.63
DeiT-tiny distilled,facebook/deit-tiny-distilled-patch16-224,74.5,91.9,6M,9,full_layer_skip,71.0,73.63
DeiT-tiny distilled,facebook/deit-tiny-distilled-patch16-224,74.5,91.9,6M,10,skip_layer_atten,70.7,73.63
DeiT-tiny distilled,facebook/deit-tiny-distilled-patch16-224,74.5,91.9,6M,10,skip_layer_attention_residual,18.65,73.63
DeiT-tiny distilled,facebook/deit-tiny-distilled-patch16-224,74.5,91.9,6M,10,skip_layer_ffn,73.05,73.63
DeiT-tiny distilled,facebook/deit-tiny-distilled-patch16-224,74.5,91.9,6M,10,skip_layer_ffn_residual,73.63,73.63
DeiT-tiny distilled,facebook/deit-tiny-distilled-patch16-224,74.5,91.9,6M,10,skip_layer_ffn_residual_no_residual_attention,1.27,73.63
DeiT-tiny distilled,facebook/deit-tiny-distilled-patch16-224,74.5,91.9,6M,10,full_layer_skip,71.29,73.63
DeiT-tiny distilled,facebook/deit-tiny-distilled-patch16-224,74.5,91.9,6M,11,skip_layer_atten,71.88,73.63
DeiT-tiny distilled,facebook/deit-tiny-distilled-patch16-224,74.5,91.9,6M,11,skip_layer_attention_residual,40.82,73.63
DeiT-tiny distilled,facebook/deit-tiny-distilled-patch16-224,74.5,91.9,6M,11,skip_layer_ffn,71.58,73.63
DeiT-tiny distilled,facebook/deit-tiny-distilled-patch16-224,74.5,91.9,6M,11,skip_layer_ffn_residual,73.63,73.63
DeiT-tiny distilled,facebook/deit-tiny-distilled-patch16-224,74.5,91.9,6M,11,skip_layer_ffn_residual_no_residual_attention,21.48,73.63
DeiT-tiny distilled,facebook/deit-tiny-distilled-patch16-224,74.5,91.9,6M,11,full_layer_skip,70.31,73.63
DeiT-small distilled,facebook/deit-small-distilled-patch16-224,81.2,95.4,22M,0,skip_layer_atten,60.55,80.18
DeiT-small distilled,facebook/deit-small-distilled-patch16-224,81.2,95.4,22M,0,skip_layer_attention_residual,0.59,80.18
DeiT-small distilled,facebook/deit-small-distilled-patch16-224,81.2,95.4,22M,0,skip_layer_ffn,0.49,80.18
DeiT-small distilled,facebook/deit-small-distilled-patch16-224,81.2,95.4,22M,0,skip_layer_ffn_residual,80.18,80.18
DeiT-small distilled,facebook/deit-small-distilled-patch16-224,81.2,95.4,22M,0,skip_layer_ffn_residual_no_residual_attention,0.39,80.18
DeiT-small distilled,facebook/deit-small-distilled-patch16-224,81.2,95.4,22M,0,full_layer_skip,1.46,80.18
DeiT-small distilled,facebook/deit-small-distilled-patch16-224,81.2,95.4,22M,1,skip_layer_atten,71.88,80.18
DeiT-small distilled,facebook/deit-small-distilled-patch16-224,81.2,95.4,22M,1,skip_layer_attention_residual,0.1,80.18
DeiT-small distilled,facebook/deit-small-distilled-patch16-224,81.2,95.4,22M,1,skip_layer_ffn,77.25,80.18
DeiT-small distilled,facebook/deit-small-distilled-patch16-224,81.2,95.4,22M,1,skip_layer_ffn_residual,80.18,80.18
DeiT-small distilled,facebook/deit-small-distilled-patch16-224,81.2,95.4,22M,1,skip_layer_ffn_residual_no_residual_attention,0.1,80.18
DeiT-small distilled,facebook/deit-small-distilled-patch16-224,81.2,95.4,22M,1,full_layer_skip,75.1,80.18
DeiT-small distilled,facebook/deit-small-distilled-patch16-224,81.2,95.4,22M,2,skip_layer_atten,74.9,80.18
DeiT-small distilled,facebook/deit-small-distilled-patch16-224,81.2,95.4,22M,2,skip_layer_attention_residual,0.0,80.18
DeiT-small distilled,facebook/deit-small-distilled-patch16-224,81.2,95.4,22M,2,skip_layer_ffn,79.0,80.18
DeiT-small distilled,facebook/deit-small-distilled-patch16-224,81.2,95.4,22M,2,skip_layer_ffn_residual,80.18,80.18
DeiT-small distilled,facebook/deit-small-distilled-patch16-224,81.2,95.4,22M,2,skip_layer_ffn_residual_no_residual_attention,0.1,80.18
DeiT-small distilled,facebook/deit-small-distilled-patch16-224,81.2,95.4,22M,2,full_layer_skip,77.05,80.18
DeiT-small distilled,facebook/deit-small-distilled-patch16-224,81.2,95.4,22M,3,skip_layer_atten,77.44,80.18
DeiT-small distilled,facebook/deit-small-distilled-patch16-224,81.2,95.4,22M,3,skip_layer_attention_residual,0.1,80.18
DeiT-small distilled,facebook/deit-small-distilled-patch16-224,81.2,95.4,22M,3,skip_layer_ffn,79.2,80.18
DeiT-small distilled,facebook/deit-small-distilled-patch16-224,81.2,95.4,22M,3,skip_layer_ffn_residual,80.18,80.18
DeiT-small distilled,facebook/deit-small-distilled-patch16-224,81.2,95.4,22M,3,skip_layer_ffn_residual_no_residual_attention,0.2,80.18
DeiT-small distilled,facebook/deit-small-distilled-patch16-224,81.2,95.4,22M,3,full_layer_skip,78.81,80.18
DeiT-small distilled,facebook/deit-small-distilled-patch16-224,81.2,95.4,22M,4,skip_layer_atten,77.73,80.18
DeiT-small distilled,facebook/deit-small-distilled-patch16-224,81.2,95.4,22M,4,skip_layer_attention_residual,0.1,80.18
DeiT-small distilled,facebook/deit-small-distilled-patch16-224,81.2,95.4,22M,4,skip_layer_ffn,79.0,80.18
DeiT-small distilled,facebook/deit-small-distilled-patch16-224,81.2,95.4,22M,4,skip_layer_ffn_residual,80.18,80.18
DeiT-small distilled,facebook/deit-small-distilled-patch16-224,81.2,95.4,22M,4,skip_layer_ffn_residual_no_residual_attention,0.2,80.18
DeiT-small distilled,facebook/deit-small-distilled-patch16-224,81.2,95.4,22M,4,full_layer_skip,78.81,80.18
DeiT-small distilled,facebook/deit-small-distilled-patch16-224,81.2,95.4,22M,5,skip_layer_atten,77.34,80.18
DeiT-small distilled,facebook/deit-small-distilled-patch16-224,81.2,95.4,22M,5,skip_layer_attention_residual,2.25,80.18
DeiT-small distilled,facebook/deit-small-distilled-patch16-224,81.2,95.4,22M,5,skip_layer_ffn,78.61,80.18
DeiT-small distilled,facebook/deit-small-distilled-patch16-224,81.2,95.4,22M,5,skip_layer_ffn_residual,80.18,80.18
DeiT-small distilled,facebook/deit-small-distilled-patch16-224,81.2,95.4,22M,5,skip_layer_ffn_residual_no_residual_attention,0.29,80.18
DeiT-small distilled,facebook/deit-small-distilled-patch16-224,81.2,95.4,22M,5,full_layer_skip,78.12,80.18
DeiT-small distilled,facebook/deit-small-distilled-patch16-224,81.2,95.4,22M,6,skip_layer_atten,78.42,80.18
DeiT-small distilled,facebook/deit-small-distilled-patch16-224,81.2,95.4,22M,6,skip_layer_attention_residual,4.98,80.18
DeiT-small distilled,facebook/deit-small-distilled-patch16-224,81.2,95.4,22M,6,skip_layer_ffn,80.47,80.18
DeiT-small distilled,facebook/deit-small-distilled-patch16-224,81.2,95.4,22M,6,skip_layer_ffn_residual,80.18,80.18
DeiT-small distilled,facebook/deit-small-distilled-patch16-224,81.2,95.4,22M,6,skip_layer_ffn_residual_no_residual_attention,0.88,80.18
DeiT-small distilled,facebook/deit-small-distilled-patch16-224,81.2,95.4,22M,6,full_layer_skip,79.1,80.18
DeiT-small distilled,facebook/deit-small-distilled-patch16-224,81.2,95.4,22M,7,skip_layer_atten,78.42,80.18
DeiT-small distilled,facebook/deit-small-distilled-patch16-224,81.2,95.4,22M,7,skip_layer_attention_residual,8.2,80.18
DeiT-small distilled,facebook/deit-small-distilled-patch16-224,81.2,95.4,22M,7,skip_layer_ffn,79.2,80.18
DeiT-small distilled,facebook/deit-small-distilled-patch16-224,81.2,95.4,22M,7,skip_layer_ffn_residual,80.18,80.18
DeiT-small distilled,facebook/deit-small-distilled-patch16-224,81.2,95.4,22M,7,skip_layer_ffn_residual_no_residual_attention,2.73,80.18
DeiT-small distilled,facebook/deit-small-distilled-patch16-224,81.2,95.4,22M,7,full_layer_skip,78.52,80.18
DeiT-small distilled,facebook/deit-small-distilled-patch16-224,81.2,95.4,22M,8,skip_layer_atten,78.61,80.18
DeiT-small distilled,facebook/deit-small-distilled-patch16-224,81.2,95.4,22M,8,skip_layer_attention_residual,31.84,80.18
DeiT-small distilled,facebook/deit-small-distilled-patch16-224,81.2,95.4,22M,8,skip_layer_ffn,79.2,80.18
DeiT-small distilled,facebook/deit-small-distilled-patch16-224,81.2,95.4,22M,8,skip_layer_ffn_residual,80.18,80.18
DeiT-small distilled,facebook/deit-small-distilled-patch16-224,81.2,95.4,22M,8,skip_layer_ffn_residual_no_residual_attention,15.53,80.18
DeiT-small distilled,facebook/deit-small-distilled-patch16-224,81.2,95.4,22M,8,full_layer_skip,78.91,80.18
DeiT-small distilled,facebook/deit-small-distilled-patch16-224,81.2,95.4,22M,9,skip_layer_atten,79.49,80.18
DeiT-small distilled,facebook/deit-small-distilled-patch16-224,81.2,95.4,22M,9,skip_layer_attention_residual,48.34,80.18
DeiT-small distilled,facebook/deit-small-distilled-patch16-224,81.2,95.4,22M,9,skip_layer_ffn,79.98,80.18
DeiT-small distilled,facebook/deit-small-distilled-patch16-224,81.2,95.4,22M,9,skip_layer_ffn_residual,80.18,80.18
DeiT-small distilled,facebook/deit-small-distilled-patch16-224,81.2,95.4,22M,9,skip_layer_ffn_residual_no_residual_attention,30.86,80.18
DeiT-small distilled,facebook/deit-small-distilled-patch16-224,81.2,95.4,22M,9,full_layer_skip,79.0,80.18
DeiT-small distilled,facebook/deit-small-distilled-patch16-224,81.2,95.4,22M,10,skip_layer_atten,79.79,80.18
DeiT-small distilled,facebook/deit-small-distilled-patch16-224,81.2,95.4,22M,10,skip_layer_attention_residual,11.82,80.18
DeiT-small distilled,facebook/deit-small-distilled-patch16-224,81.2,95.4,22M,10,skip_layer_ffn,80.27,80.18
DeiT-small distilled,facebook/deit-small-distilled-patch16-224,81.2,95.4,22M,10,skip_layer_ffn_residual,80.18,80.18
DeiT-small distilled,facebook/deit-small-distilled-patch16-224,81.2,95.4,22M,10,skip_layer_ffn_residual_no_residual_attention,2.15,80.18
DeiT-small distilled,facebook/deit-small-distilled-patch16-224,81.2,95.4,22M,10,full_layer_skip,80.08,80.18
DeiT-small distilled,facebook/deit-small-distilled-patch16-224,81.2,95.4,22M,11,skip_layer_atten,79.88,80.18
DeiT-small distilled,facebook/deit-small-distilled-patch16-224,81.2,95.4,22M,11,skip_layer_attention_residual,13.57,80.18
DeiT-small distilled,facebook/deit-small-distilled-patch16-224,81.2,95.4,22M,11,skip_layer_ffn,79.69,80.18
DeiT-small distilled,facebook/deit-small-distilled-patch16-224,81.2,95.4,22M,11,skip_layer_ffn_residual,80.18,80.18
DeiT-small distilled,facebook/deit-small-distilled-patch16-224,81.2,95.4,22M,11,skip_layer_ffn_residual_no_residual_attention,3.71,80.18
DeiT-small distilled,facebook/deit-small-distilled-patch16-224,81.2,95.4,22M,11,full_layer_skip,79.3,80.18
DeiT-base distilled,facebook/deit-base-distilled-patch16-224,83.4,96.5,87M,0,skip_layer_atten,75.29,82.23
DeiT-base distilled,facebook/deit-base-distilled-patch16-224,83.4,96.5,87M,0,skip_layer_attention_residual,1.27,82.23
DeiT-base distilled,facebook/deit-base-distilled-patch16-224,83.4,96.5,87M,0,skip_layer_ffn,0.68,82.23
DeiT-base distilled,facebook/deit-base-distilled-patch16-224,83.4,96.5,87M,0,skip_layer_ffn_residual,82.23,82.23
DeiT-base distilled,facebook/deit-base-distilled-patch16-224,83.4,96.5,87M,0,skip_layer_ffn_residual_no_residual_attention,0.29,82.23
DeiT-base distilled,facebook/deit-base-distilled-patch16-224,83.4,96.5,87M,0,full_layer_skip,0.78,82.23
DeiT-base distilled,facebook/deit-base-distilled-patch16-224,83.4,96.5,87M,1,skip_layer_atten,78.32,82.23
DeiT-base distilled,facebook/deit-base-distilled-patch16-224,83.4,96.5,87M,1,skip_layer_attention_residual,0.29,82.23
DeiT-base distilled,facebook/deit-base-distilled-patch16-224,83.4,96.5,87M,1,skip_layer_ffn,82.32,82.23
DeiT-base distilled,facebook/deit-base-distilled-patch16-224,83.4,96.5,87M,1,skip_layer_ffn_residual,82.23,82.23
DeiT-base distilled,facebook/deit-base-distilled-patch16-224,83.4,96.5,87M,1,skip_layer_ffn_residual_no_residual_attention,0.29,82.23
DeiT-base distilled,facebook/deit-base-distilled-patch16-224,83.4,96.5,87M,1,full_layer_skip,81.64,82.23
DeiT-base distilled,facebook/deit-base-distilled-patch16-224,83.4,96.5,87M,2,skip_layer_atten,80.27,82.23
DeiT-base distilled,facebook/deit-base-distilled-patch16-224,83.4,96.5,87M,2,skip_layer_attention_residual,0.0,82.23
DeiT-base distilled,facebook/deit-base-distilled-patch16-224,83.4,96.5,87M,2,skip_layer_ffn,81.93,82.23
DeiT-base distilled,facebook/deit-base-distilled-patch16-224,83.4,96.5,87M,2,skip_layer_ffn_residual,82.23,82.23
DeiT-base distilled,facebook/deit-base-distilled-patch16-224,83.4,96.5,87M,2,skip_layer_ffn_residual_no_residual_attention,0.2,82.23
DeiT-base distilled,facebook/deit-base-distilled-patch16-224,83.4,96.5,87M,2,full_layer_skip,81.84,82.23
DeiT-base distilled,facebook/deit-base-distilled-patch16-224,83.4,96.5,87M,3,skip_layer_atten,80.08,82.23
DeiT-base distilled,facebook/deit-base-distilled-patch16-224,83.4,96.5,87M,3,skip_layer_attention_residual,0.1,82.23
DeiT-base distilled,facebook/deit-base-distilled-patch16-224,83.4,96.5,87M,3,skip_layer_ffn,82.71,82.23
DeiT-base distilled,facebook/deit-base-distilled-patch16-224,83.4,96.5,87M,3,skip_layer_ffn_residual,82.23,82.23
DeiT-base distilled,facebook/deit-base-distilled-patch16-224,83.4,96.5,87M,3,skip_layer_ffn_residual_no_residual_attention,0.0,82.23
DeiT-base distilled,facebook/deit-base-distilled-patch16-224,83.4,96.5,87M,3,full_layer_skip,82.13,82.23
DeiT-base distilled,facebook/deit-base-distilled-patch16-224,83.4,96.5,87M,4,skip_layer_atten,80.47,82.23
DeiT-base distilled,facebook/deit-base-distilled-patch16-224,83.4,96.5,87M,4,skip_layer_attention_residual,0.0,82.23
DeiT-base distilled,facebook/deit-base-distilled-patch16-224,83.4,96.5,87M,4,skip_layer_ffn,82.52,82.23
DeiT-base distilled,facebook/deit-base-distilled-patch16-224,83.4,96.5,87M,4,skip_layer_ffn_residual,82.23,82.23
DeiT-base distilled,facebook/deit-base-distilled-patch16-224,83.4,96.5,87M,4,skip_layer_ffn_residual_no_residual_attention,0.0,82.23
DeiT-base distilled,facebook/deit-base-distilled-patch16-224,83.4,96.5,87M,4,full_layer_skip,82.62,82.23
DeiT-base distilled,facebook/deit-base-distilled-patch16-224,83.4,96.5,87M,5,skip_layer_atten,81.15,82.23
DeiT-base distilled,facebook/deit-base-distilled-patch16-224,83.4,96.5,87M,5,skip_layer_attention_residual,0.39,82.23
DeiT-base distilled,facebook/deit-base-distilled-patch16-224,83.4,96.5,87M,5,skip_layer_ffn,82.62,82.23
DeiT-base distilled,facebook/deit-base-distilled-patch16-224,83.4,96.5,87M,5,skip_layer_ffn_residual,82.23,82.23
DeiT-base distilled,facebook/deit-base-distilled-patch16-224,83.4,96.5,87M,5,skip_layer_ffn_residual_no_residual_attention,0.1,82.23
DeiT-base distilled,facebook/deit-base-distilled-patch16-224,83.4,96.5,87M,5,full_layer_skip,82.03,82.23
DeiT-base distilled,facebook/deit-base-distilled-patch16-224,83.4,96.5,87M,6,skip_layer_atten,81.74,82.23
DeiT-base distilled,facebook/deit-base-distilled-patch16-224,83.4,96.5,87M,6,skip_layer_attention_residual,1.76,82.23
DeiT-base distilled,facebook/deit-base-distilled-patch16-224,83.4,96.5,87M,6,skip_layer_ffn,82.42,82.23
DeiT-base distilled,facebook/deit-base-distilled-patch16-224,83.4,96.5,87M,6,skip_layer_ffn_residual,82.23,82.23
DeiT-base distilled,facebook/deit-base-distilled-patch16-224,83.4,96.5,87M,6,skip_layer_ffn_residual_no_residual_attention,0.29,82.23
DeiT-base distilled,facebook/deit-base-distilled-patch16-224,83.4,96.5,87M,6,full_layer_skip,81.64,82.23
DeiT-base distilled,facebook/deit-base-distilled-patch16-224,83.4,96.5,87M,7,skip_layer_atten,81.15,82.23
DeiT-base distilled,facebook/deit-base-distilled-patch16-224,83.4,96.5,87M,7,skip_layer_attention_residual,14.84,82.23
DeiT-base distilled,facebook/deit-base-distilled-patch16-224,83.4,96.5,87M,7,skip_layer_ffn,83.01,82.23
DeiT-base distilled,facebook/deit-base-distilled-patch16-224,83.4,96.5,87M,7,skip_layer_ffn_residual,82.23,82.23
DeiT-base distilled,facebook/deit-base-distilled-patch16-224,83.4,96.5,87M,7,skip_layer_ffn_residual_no_residual_attention,1.56,82.23
DeiT-base distilled,facebook/deit-base-distilled-patch16-224,83.4,96.5,87M,7,full_layer_skip,81.84,82.23
DeiT-base distilled,facebook/deit-base-distilled-patch16-224,83.4,96.5,87M,8,skip_layer_atten,81.25,82.23
DeiT-base distilled,facebook/deit-base-distilled-patch16-224,83.4,96.5,87M,8,skip_layer_attention_residual,35.45,82.23
DeiT-base distilled,facebook/deit-base-distilled-patch16-224,83.4,96.5,87M,8,skip_layer_ffn,81.74,82.23
DeiT-base distilled,facebook/deit-base-distilled-patch16-224,83.4,96.5,87M,8,skip_layer_ffn_residual,82.23,82.23
DeiT-base distilled,facebook/deit-base-distilled-patch16-224,83.4,96.5,87M,8,skip_layer_ffn_residual_no_residual_attention,15.72,82.23
DeiT-base distilled,facebook/deit-base-distilled-patch16-224,83.4,96.5,87M,8,full_layer_skip,81.74,82.23
DeiT-base distilled,facebook/deit-base-distilled-patch16-224,83.4,96.5,87M,9,skip_layer_atten,80.76,82.23
DeiT-base distilled,facebook/deit-base-distilled-patch16-224,83.4,96.5,87M,9,skip_layer_attention_residual,53.32,82.23
DeiT-base distilled,facebook/deit-base-distilled-patch16-224,83.4,96.5,87M,9,skip_layer_ffn,82.03,82.23
DeiT-base distilled,facebook/deit-base-distilled-patch16-224,83.4,96.5,87M,9,skip_layer_ffn_residual,82.23,82.23
DeiT-base distilled,facebook/deit-base-distilled-patch16-224,83.4,96.5,87M,9,skip_layer_ffn_residual_no_residual_attention,30.66,82.23
DeiT-base distilled,facebook/deit-base-distilled-patch16-224,83.4,96.5,87M,9,full_layer_skip,80.76,82.23
DeiT-base distilled,facebook/deit-base-distilled-patch16-224,83.4,96.5,87M,10,skip_layer_atten,80.37,82.23
DeiT-base distilled,facebook/deit-base-distilled-patch16-224,83.4,96.5,87M,10,skip_layer_attention_residual,61.91,82.23
DeiT-base distilled,facebook/deit-base-distilled-patch16-224,83.4,96.5,87M,10,skip_layer_ffn,82.32,82.23
DeiT-base distilled,facebook/deit-base-distilled-patch16-224,83.4,96.5,87M,10,skip_layer_ffn_residual,82.23,82.23
DeiT-base distilled,facebook/deit-base-distilled-patch16-224,83.4,96.5,87M,10,skip_layer_ffn_residual_no_residual_attention,49.8,82.23
DeiT-base distilled,facebook/deit-base-distilled-patch16-224,83.4,96.5,87M,10,full_layer_skip,81.05,82.23
DeiT-base distilled,facebook/deit-base-distilled-patch16-224,83.4,96.5,87M,11,skip_layer_atten,81.64,82.23
DeiT-base distilled,facebook/deit-base-distilled-patch16-224,83.4,96.5,87M,11,skip_layer_attention_residual,24.71,82.23
DeiT-base distilled,facebook/deit-base-distilled-patch16-224,83.4,96.5,87M,11,skip_layer_ffn,82.42,82.23
DeiT-base distilled,facebook/deit-base-distilled-patch16-224,83.4,96.5,87M,11,skip_layer_ffn_residual,82.23,82.23
DeiT-base distilled,facebook/deit-base-distilled-patch16-224,83.4,96.5,87M,11,skip_layer_ffn_residual_no_residual_attention,4.59,82.23
DeiT-base distilled,facebook/deit-base-distilled-patch16-224,83.4,96.5,87M,11,full_layer_skip,81.45,82.23
DeiT-base 384,facebook/deit-base-patch16-384,82.9,96.2,87M,0,skip_layer_atten,79.69,80.27
DeiT-base 384,facebook/deit-base-patch16-384,82.9,96.2,87M,0,skip_layer_attention_residual,0.2,80.27
DeiT-base 384,facebook/deit-base-patch16-384,82.9,96.2,87M,0,skip_layer_ffn,68.26,80.27
DeiT-base 384,facebook/deit-base-patch16-384,82.9,96.2,87M,0,skip_layer_ffn_residual,0.1,80.27
DeiT-base 384,facebook/deit-base-patch16-384,82.9,96.2,87M,0,skip_layer_ffn_residual_no_residual_attention,0.0,80.27
DeiT-base 384,facebook/deit-base-patch16-384,82.9,96.2,87M,0,full_layer_skip,68.36,80.27
DeiT-base 384,facebook/deit-base-patch16-384,82.9,96.2,87M,1,skip_layer_atten,79.79,80.27
DeiT-base 384,facebook/deit-base-patch16-384,82.9,96.2,87M,1,skip_layer_attention_residual,0.1,80.27
DeiT-base 384,facebook/deit-base-patch16-384,82.9,96.2,87M,1,skip_layer_ffn,79.88,80.27
DeiT-base 384,facebook/deit-base-patch16-384,82.9,96.2,87M,1,skip_layer_ffn_residual,0.0,80.27
DeiT-base 384,facebook/deit-base-patch16-384,82.9,96.2,87M,1,skip_layer_ffn_residual_no_residual_attention,0.2,80.27
DeiT-base 384,facebook/deit-base-patch16-384,82.9,96.2,87M,1,full_layer_skip,79.0,80.27
DeiT-base 384,facebook/deit-base-patch16-384,82.9,96.2,87M,2,skip_layer_atten,80.08,80.27
DeiT-base 384,facebook/deit-base-patch16-384,82.9,96.2,87M,2,skip_layer_attention_residual,0.29,80.27
DeiT-base 384,facebook/deit-base-patch16-384,82.9,96.2,87M,2,skip_layer_ffn,79.59,80.27
DeiT-base 384,facebook/deit-base-patch16-384,82.9,96.2,87M,2,skip_layer_ffn_residual,0.1,80.27
DeiT-base 384,facebook/deit-base-patch16-384,82.9,96.2,87M,2,skip_layer_ffn_residual_no_residual_attention,0.2,80.27
DeiT-base 384,facebook/deit-base-patch16-384,82.9,96.2,87M,2,full_layer_skip,78.71,80.27
DeiT-base 384,facebook/deit-base-patch16-384,82.9,96.2,87M,3,skip_layer_atten,79.88,80.27
DeiT-base 384,facebook/deit-base-patch16-384,82.9,96.2,87M,3,skip_layer_attention_residual,0.1,80.27
DeiT-base 384,facebook/deit-base-patch16-384,82.9,96.2,87M,3,skip_layer_ffn,80.08,80.27
DeiT-base 384,facebook/deit-base-patch16-384,82.9,96.2,87M,3,skip_layer_ffn_residual,0.0,80.27
DeiT-base 384,facebook/deit-base-patch16-384,82.9,96.2,87M,3,skip_layer_ffn_residual_no_residual_attention,0.1,80.27
DeiT-base 384,facebook/deit-base-patch16-384,82.9,96.2,87M,3,full_layer_skip,79.69,80.27
DeiT-base 384,facebook/deit-base-patch16-384,82.9,96.2,87M,4,skip_layer_atten,79.88,80.27
DeiT-base 384,facebook/deit-base-patch16-384,82.9,96.2,87M,4,skip_layer_attention_residual,0.0,80.27
DeiT-base 384,facebook/deit-base-patch16-384,82.9,96.2,87M,4,skip_layer_ffn,79.59,80.27
DeiT-base 384,facebook/deit-base-patch16-384,82.9,96.2,87M,4,skip_layer_ffn_residual,0.0,80.27
DeiT-base 384,facebook/deit-base-patch16-384,82.9,96.2,87M,4,skip_layer_ffn_residual_no_residual_attention,0.0,80.27
DeiT-base 384,facebook/deit-base-patch16-384,82.9,96.2,87M,4,full_layer_skip,79.49,80.27
DeiT-base 384,facebook/deit-base-patch16-384,82.9,96.2,87M,5,skip_layer_atten,80.27,80.27
DeiT-base 384,facebook/deit-base-patch16-384,82.9,96.2,87M,5,skip_layer_attention_residual,0.1,80.27
DeiT-base 384,facebook/deit-base-patch16-384,82.9,96.2,87M,5,skip_layer_ffn,79.59,80.27
DeiT-base 384,facebook/deit-base-patch16-384,82.9,96.2,87M,5,skip_layer_ffn_residual,0.2,80.27
DeiT-base 384,facebook/deit-base-patch16-384,82.9,96.2,87M,5,skip_layer_ffn_residual_no_residual_attention,0.0,80.27
DeiT-base 384,facebook/deit-base-patch16-384,82.9,96.2,87M,5,full_layer_skip,79.1,80.27
DeiT-base 384,facebook/deit-base-patch16-384,82.9,96.2,87M,6,skip_layer_atten,79.69,80.27
DeiT-base 384,facebook/deit-base-patch16-384,82.9,96.2,87M,6,skip_layer_attention_residual,0.2,80.27
DeiT-base 384,facebook/deit-base-patch16-384,82.9,96.2,87M,6,skip_layer_ffn,78.42,80.27
DeiT-base 384,facebook/deit-base-patch16-384,82.9,96.2,87M,6,skip_layer_ffn_residual,0.1,80.27
DeiT-base 384,facebook/deit-base-patch16-384,82.9,96.2,87M,6,skip_layer_ffn_residual_no_residual_attention,0.0,80.27
DeiT-base 384,facebook/deit-base-patch16-384,82.9,96.2,87M,6,full_layer_skip,79.2,80.27
DeiT-base 384,facebook/deit-base-patch16-384,82.9,96.2,87M,7,skip_layer_atten,79.79,80.27
DeiT-base 384,facebook/deit-base-patch16-384,82.9,96.2,87M,7,skip_layer_attention_residual,0.68,80.27
DeiT-base 384,facebook/deit-base-patch16-384,82.9,96.2,87M,7,skip_layer_ffn,79.49,80.27
DeiT-base 384,facebook/deit-base-patch16-384,82.9,96.2,87M,7,skip_layer_ffn_residual,0.29,80.27
DeiT-base 384,facebook/deit-base-patch16-384,82.9,96.2,87M,7,skip_layer_ffn_residual_no_residual_attention,0.59,80.27
DeiT-base 384,facebook/deit-base-patch16-384,82.9,96.2,87M,7,full_layer_skip,79.98,80.27
DeiT-base 384,facebook/deit-base-patch16-384,82.9,96.2,87M,8,skip_layer_atten,79.88,80.27
DeiT-base 384,facebook/deit-base-patch16-384,82.9,96.2,87M,8,skip_layer_attention_residual,1.86,80.27
DeiT-base 384,facebook/deit-base-patch16-384,82.9,96.2,87M,8,skip_layer_ffn,79.0,80.27
DeiT-base 384,facebook/deit-base-patch16-384,82.9,96.2,87M,8,skip_layer_ffn_residual,2.05,80.27
DeiT-base 384,facebook/deit-base-patch16-384,82.9,96.2,87M,8,skip_layer_ffn_residual_no_residual_attention,0.39,80.27
DeiT-base 384,facebook/deit-base-patch16-384,82.9,96.2,87M,8,full_layer_skip,78.12,80.27
DeiT-base 384,facebook/deit-base-patch16-384,82.9,96.2,87M,9,skip_layer_atten,79.79,80.27
DeiT-base 384,facebook/deit-base-patch16-384,82.9,96.2,87M,9,skip_layer_attention_residual,13.57,80.27
DeiT-base 384,facebook/deit-base-patch16-384,82.9,96.2,87M,9,skip_layer_ffn,78.52,80.27
DeiT-base 384,facebook/deit-base-patch16-384,82.9,96.2,87M,9,skip_layer_ffn_residual,33.5,80.27
DeiT-base 384,facebook/deit-base-patch16-384,82.9,96.2,87M,9,skip_layer_ffn_residual_no_residual_attention,14.06,80.27
DeiT-base 384,facebook/deit-base-patch16-384,82.9,96.2,87M,9,full_layer_skip,77.25,80.27
DeiT-base 384,facebook/deit-base-patch16-384,82.9,96.2,87M,10,skip_layer_atten,79.1,80.27
DeiT-base 384,facebook/deit-base-patch16-384,82.9,96.2,87M,10,skip_layer_attention_residual,75.39,80.27
DeiT-base 384,facebook/deit-base-patch16-384,82.9,96.2,87M,10,skip_layer_ffn,77.54,80.27
DeiT-base 384,facebook/deit-base-patch16-384,82.9,96.2,87M,10,skip_layer_ffn_residual,61.82,80.27
DeiT-base 384,facebook/deit-base-patch16-384,82.9,96.2,87M,10,skip_layer_ffn_residual_no_residual_attention,69.24,80.27
DeiT-base 384,facebook/deit-base-patch16-384,82.9,96.2,87M,10,full_layer_skip,75.98,80.27
DeiT-base 384,facebook/deit-base-patch16-384,82.9,96.2,87M,11,skip_layer_atten,76.46,80.27
DeiT-base 384,facebook/deit-base-patch16-384,82.9,96.2,87M,11,skip_layer_attention_residual,73.05,80.27
DeiT-base 384,facebook/deit-base-patch16-384,82.9,96.2,87M,11,skip_layer_ffn,79.88,80.27
DeiT-base 384,facebook/deit-base-patch16-384,82.9,96.2,87M,11,skip_layer_ffn_residual,0.1,80.27
DeiT-base 384,facebook/deit-base-patch16-384,82.9,96.2,87M,11,skip_layer_ffn_residual_no_residual_attention,0.0,80.27
DeiT-base 384,facebook/deit-base-patch16-384,82.9,96.2,87M,11,full_layer_skip,74.61,80.27
DeiT-base distilled 384,facebook/deit-base-distilled-patch16-384,85.2,97.2,88M,0,skip_layer_atten,30.66,83.98
DeiT-base distilled 384,facebook/deit-base-distilled-patch16-384,85.2,97.2,88M,0,skip_layer_attention_residual,0.59,83.98
DeiT-base distilled 384,facebook/deit-base-distilled-patch16-384,85.2,97.2,88M,0,skip_layer_ffn,1.27,83.98
DeiT-base distilled 384,facebook/deit-base-distilled-patch16-384,85.2,97.2,88M,0,skip_layer_ffn_residual,83.98,83.98
DeiT-base distilled 384,facebook/deit-base-distilled-patch16-384,85.2,97.2,88M,0,skip_layer_ffn_residual_no_residual_attention,1.17,83.98
DeiT-base distilled 384,facebook/deit-base-distilled-patch16-384,85.2,97.2,88M,0,full_layer_skip,0.39,83.98
DeiT-base distilled 384,facebook/deit-base-distilled-patch16-384,85.2,97.2,88M,1,skip_layer_atten,78.91,83.98
DeiT-base distilled 384,facebook/deit-base-distilled-patch16-384,85.2,97.2,88M,1,skip_layer_attention_residual,0.1,83.98
DeiT-base distilled 384,facebook/deit-base-distilled-patch16-384,85.2,97.2,88M,1,skip_layer_ffn,83.89,83.98
DeiT-base distilled 384,facebook/deit-base-distilled-patch16-384,85.2,97.2,88M,1,skip_layer_ffn_residual,83.98,83.98
DeiT-base distilled 384,facebook/deit-base-distilled-patch16-384,85.2,97.2,88M,1,skip_layer_ffn_residual_no_residual_attention,0.29,83.98
DeiT-base distilled 384,facebook/deit-base-distilled-patch16-384,85.2,97.2,88M,1,full_layer_skip,83.98,83.98
DeiT-base distilled 384,facebook/deit-base-distilled-patch16-384,85.2,97.2,88M,2,skip_layer_atten,82.13,83.98
DeiT-base distilled 384,facebook/deit-base-distilled-patch16-384,85.2,97.2,88M,2,skip_layer_attention_residual,0.1,83.98
DeiT-base distilled 384,facebook/deit-base-distilled-patch16-384,85.2,97.2,88M,2,skip_layer_ffn,84.08,83.98
DeiT-base distilled 384,facebook/deit-base-distilled-patch16-384,85.2,97.2,88M,2,skip_layer_ffn_residual,83.98,83.98
DeiT-base distilled 384,facebook/deit-base-distilled-patch16-384,85.2,97.2,88M,2,skip_layer_ffn_residual_no_residual_attention,0.2,83.98
DeiT-base distilled 384,facebook/deit-base-distilled-patch16-384,85.2,97.2,88M,2,full_layer_skip,83.69,83.98
DeiT-base distilled 384,facebook/deit-base-distilled-patch16-384,85.2,97.2,88M,3,skip_layer_atten,82.52,83.98
DeiT-base distilled 384,facebook/deit-base-distilled-patch16-384,85.2,97.2,88M,3,skip_layer_attention_residual,0.0,83.98
DeiT-base distilled 384,facebook/deit-base-distilled-patch16-384,85.2,97.2,88M,3,skip_layer_ffn,83.79,83.98
DeiT-base distilled 384,facebook/deit-base-distilled-patch16-384,85.2,97.2,88M,3,skip_layer_ffn_residual,83.98,83.98
DeiT-base distilled 384,facebook/deit-base-distilled-patch16-384,85.2,97.2,88M,3,skip_layer_ffn_residual_no_residual_attention,0.1,83.98
DeiT-base distilled 384,facebook/deit-base-distilled-patch16-384,85.2,97.2,88M,3,full_layer_skip,84.08,83.98
DeiT-base distilled 384,facebook/deit-base-distilled-patch16-384,85.2,97.2,88M,4,skip_layer_atten,82.42,83.98
DeiT-base distilled 384,facebook/deit-base-distilled-patch16-384,85.2,97.2,88M,4,skip_layer_attention_residual,0.68,83.98
DeiT-base distilled 384,facebook/deit-base-distilled-patch16-384,85.2,97.2,88M,4,skip_layer_ffn,83.98,83.98
DeiT-base distilled 384,facebook/deit-base-distilled-patch16-384,85.2,97.2,88M,4,skip_layer_ffn_residual,83.98,83.98
DeiT-base distilled 384,facebook/deit-base-distilled-patch16-384,85.2,97.2,88M,4,skip_layer_ffn_residual_no_residual_attention,0.29,83.98
DeiT-base distilled 384,facebook/deit-base-distilled-patch16-384,85.2,97.2,88M,4,full_layer_skip,83.4,83.98
DeiT-base distilled 384,facebook/deit-base-distilled-patch16-384,85.2,97.2,88M,5,skip_layer_atten,83.01,83.98
DeiT-base distilled 384,facebook/deit-base-distilled-patch16-384,85.2,97.2,88M,5,skip_layer_attention_residual,0.29,83.98
DeiT-base distilled 384,facebook/deit-base-distilled-patch16-384,85.2,97.2,88M,5,skip_layer_ffn,84.08,83.98
DeiT-base distilled 384,facebook/deit-base-distilled-patch16-384,85.2,97.2,88M,5,skip_layer_ffn_residual,83.98,83.98
DeiT-base distilled 384,facebook/deit-base-distilled-patch16-384,85.2,97.2,88M,5,skip_layer_ffn_residual_no_residual_attention,0.29,83.98
DeiT-base distilled 384,facebook/deit-base-distilled-patch16-384,85.2,97.2,88M,5,full_layer_skip,82.91,83.98
DeiT-base distilled 384,facebook/deit-base-distilled-patch16-384,85.2,97.2,88M,6,skip_layer_atten,82.62,83.98
DeiT-base distilled 384,facebook/deit-base-distilled-patch16-384,85.2,97.2,88M,6,skip_layer_attention_residual,23.63,83.98
DeiT-base distilled 384,facebook/deit-base-distilled-patch16-384,85.2,97.2,88M,6,skip_layer_ffn,82.81,83.98
DeiT-base distilled 384,facebook/deit-base-distilled-patch16-384,85.2,97.2,88M,6,skip_layer_ffn_residual,83.98,83.98
DeiT-base distilled 384,facebook/deit-base-distilled-patch16-384,85.2,97.2,88M,6,skip_layer_ffn_residual_no_residual_attention,0.39,83.98
DeiT-base distilled 384,facebook/deit-base-distilled-patch16-384,85.2,97.2,88M,6,full_layer_skip,82.81,83.98
DeiT-base distilled 384,facebook/deit-base-distilled-patch16-384,85.2,97.2,88M,7,skip_layer_atten,83.98,83.98
DeiT-base distilled 384,facebook/deit-base-distilled-patch16-384,85.2,97.2,88M,7,skip_layer_attention_residual,43.95,83.98
DeiT-base distilled 384,facebook/deit-base-distilled-patch16-384,85.2,97.2,88M,7,skip_layer_ffn,83.89,83.98
DeiT-base distilled 384,facebook/deit-base-distilled-patch16-384,85.2,97.2,88M,7,skip_layer_ffn_residual,83.98,83.98
DeiT-base distilled 384,facebook/deit-base-distilled-patch16-384,85.2,97.2,88M,7,skip_layer_ffn_residual_no_residual_attention,12.79,83.98
DeiT-base distilled 384,facebook/deit-base-distilled-patch16-384,85.2,97.2,88M,7,full_layer_skip,83.98,83.98
DeiT-base distilled 384,facebook/deit-base-distilled-patch16-384,85.2,97.2,88M,8,skip_layer_atten,83.01,83.98
DeiT-base distilled 384,facebook/deit-base-distilled-patch16-384,85.2,97.2,88M,8,skip_layer_attention_residual,38.09,83.98
DeiT-base distilled 384,facebook/deit-base-distilled-patch16-384,85.2,97.2,88M,8,skip_layer_ffn,83.01,83.98
DeiT-base distilled 384,facebook/deit-base-distilled-patch16-384,85.2,97.2,88M,8,skip_layer_ffn_residual,83.98,83.98
DeiT-base distilled 384,facebook/deit-base-distilled-patch16-384,85.2,97.2,88M,8,skip_layer_ffn_residual_no_residual_attention,11.04,83.98
DeiT-base distilled 384,facebook/deit-base-distilled-patch16-384,85.2,97.2,88M,8,full_layer_skip,83.11,83.98
DeiT-base distilled 384,facebook/deit-base-distilled-patch16-384,85.2,97.2,88M,9,skip_layer_atten,83.4,83.98
DeiT-base distilled 384,facebook/deit-base-distilled-patch16-384,85.2,97.2,88M,9,skip_layer_attention_residual,49.9,83.98
DeiT-base distilled 384,facebook/deit-base-distilled-patch16-384,85.2,97.2,88M,9,skip_layer_ffn,83.59,83.98
DeiT-base distilled 384,facebook/deit-base-distilled-patch16-384,85.2,97.2,88M,9,skip_layer_ffn_residual,83.98,83.98
DeiT-base distilled 384,facebook/deit-base-distilled-patch16-384,85.2,97.2,88M,9,skip_layer_ffn_residual_no_residual_attention,19.53,83.98
DeiT-base distilled 384,facebook/deit-base-distilled-patch16-384,85.2,97.2,88M,9,full_layer_skip,83.11,83.98
DeiT-base distilled 384,facebook/deit-base-distilled-patch16-384,85.2,97.2,88M,10,skip_layer_atten,83.01,83.98
DeiT-base distilled 384,facebook/deit-base-distilled-patch16-384,85.2,97.2,88M,10,skip_layer_attention_residual,41.31,83.98
DeiT-base distilled 384,facebook/deit-base-distilled-patch16-384,85.2,97.2,88M,10,skip_layer_ffn,83.69,83.98
DeiT-base distilled 384,facebook/deit-base-distilled-patch16-384,85.2,97.2,88M,10,skip_layer_ffn_residual,83.98,83.98
DeiT-base distilled 384,facebook/deit-base-distilled-patch16-384,85.2,97.2,88M,10,skip_layer_ffn_residual_no_residual_attention,14.16,83.98
DeiT-base distilled 384,facebook/deit-base-distilled-patch16-384,85.2,97.2,88M,10,full_layer_skip,83.89,83.98
DeiT-base distilled 384,facebook/deit-base-distilled-patch16-384,85.2,97.2,88M,11,skip_layer_atten,84.18,83.98
DeiT-base distilled 384,facebook/deit-base-distilled-patch16-384,85.2,97.2,88M,11,skip_layer_attention_residual,52.34,83.98
DeiT-base distilled 384,facebook/deit-base-distilled-patch16-384,85.2,97.2,88M,11,skip_layer_ffn,84.18,83.98
DeiT-base distilled 384,facebook/deit-base-distilled-patch16-384,85.2,97.2,88M,11,skip_layer_ffn_residual,83.98,83.98
DeiT-base distilled 384,facebook/deit-base-distilled-patch16-384,85.2,97.2,88M,11,skip_layer_ffn_residual_no_residual_attention,32.32,83.98
DeiT-base distilled 384,facebook/deit-base-distilled-patch16-384,85.2,97.2,88M,11,full_layer_skip,83.79,83.98
